tag,time
S,0.0
I,1.308093786239624
S,4.692692041397095
