tag,time
S,0.0
I,1.492856740951538
E,4.27882194519043
S,8.736870765686035
I,11.059122085571289
E,12.823977947235107
I,14.960160255432129
S,17.375149726867676
E,20.254085540771484
I,23.69114327430725
E,25.920239210128784
S,27.499106884002686
E,29.357173919677734
I,31.774970769882202
