tag,time
S,0.0
I,1.2477002143859863
E,3.637535572052002
S,6.449021100997925
I,8.992173433303833
E,11.585427522659302
S,14.965580463409424
I,17.5686354637146
S,19.2964289188385
E,21.003440141677856
S,22.667116403579712
E,24.41700530052185
I,27.403480529785156
E,28.98244309425354
S,32.24633049964905
I,35.426050901412964
