tag,time
S,0.0
I,5.0173022747039795
E,7.2180187702178955
I,9.137954473495483
S,11.157920598983765
E,16.637284994125366
