tag,time
S,0.0
I,3.197802782058716
E,6.487717866897583
S,10.2868070602417
I,13.096445322036743
E,15.936389207839966
S,19.136932849884033
